,Plt_tranfused,PLT,WBC,RBC,HGB,MCV,MCH,MCHC,RDW,ALYM
2013-01-01,33.75,259.85,207.89,612.16,201.09,229.24,132.21,30.37,9.16,144.14
2013-01-02,31.63,231.85,206.62,664.76,218.56,268.55,178.66,62.78,11.14,135.53
2013-01-03,38.58,233.94,212.81,736.43,202.8,211.9,185.57,40.1,7.09,161.05
2013-01-04,29.45,262.6,223.99,589.6,174.25,220.29,199.53,60.06,8.99,132.87
2013-01-05,40.58,227.88,184.17,659.7,201.17,220.76,186.9,69.28,11.09,138.78
2013-01-06,47.04,277.39,202.37,728.54,257.57,190.15,186.73,58.98,8.89,122.19
2013-01-07,42.7,243.44,216.06,583.96,173.45,142.53,193.74,55.58,11.84,148.78
2013-01-08,34.61,271.64,206.42,663.09,197.84,210.07,153.21,77.96,9.79,130.5
2013-01-09,40.9,247.19,188.46,647.87,182.65,234.74,193.54,65.91,13.23,127.77
2013-01-10,41.84,265.09,184.04,691.44,217.53,223.01,198.79,43.67,6.68,132.07
2013-01-11,37.52,262.48,224.28,598.38,202.75,161.1,184.11,75.88,8.93,140.76
2013-01-12,40.16,242.82,226.67,648.85,194.5,212.18,227.24,39.71,11.1,122.19
2013-01-13,33.98,238.93,208.82,661.95,187.17,272.85,165.86,77.96,9.2,123.25
2013-01-14,35.23,273.96,208.35,559.92,215.37,208.18,180.89,26.81,8.3,145.27
2013-01-15,38.65,258.01,175.56,652.2,217.84,178.12,175.99,30.49,9.48,148.5
2013-01-16,31.95,245.54,215.04,640.68,191.7,214.51,200.74,55.88,9.38,134.45
2013-01-17,40.45,269.13,200.51,732.39,186.13,219.19,143.03,59.45,10.99,131.05
2013-01-18,31.98,266.25,197.53,664.03,211.92,256.18,214.25,54.73,8.23,140.73
2013-01-19,37.76,254.16,170.98,680.24,180.95,210.82,197.07,37.55,6.74,147.17
2013-01-20,32.88,269.04,220.99,620.37,192.72,182.15,206.47,19.59,10.82,150.27
2013-01-21,38.46,246.51,196.51,633.82,220.39,193.17,211.88,39.87,10.5,139.01
2013-01-22,33.12,230.96,203.25,674.84,199.18,134.87,206.89,57.11,10.17,137.59
2013-01-23,35.4,260.64,203.21,632.75,172.98,188.02,206.59,56.09,8.52,127.88
2013-01-24,32.67,261.92,198.56,568.75,188.59,195.49,191.53,88.11,8.82,132.86
2013-01-25,36.84,256.31,199.19,676.64,216.94,168.65,221.78,50.9,6.54,122.88
2013-01-26,32.27,300.6,214.08,631.36,201.99,228.74,148.51,48.13,7.89,141.18
2013-01-27,43.14,240.2,231.38,605.17,194.95,192.16,209.91,69.2,8.41,130.9
2013-01-28,29.32,264.84,209.93,726.67,221.92,199.94,227.86,14.94,7.91,122.7
2013-01-29,34.7,256.14,223.97,739.27,182.93,222.97,208.26,58.17,9.67,108.42
2013-01-30,33.05,301.26,193.68,718.27,202.37,198.42,205.27,48.28,10.42,134.5
2013-01-31,36.57,278.47,220.9,674.81,189.61,217.9,193.51,42.47,12.82,90.7
2013-02-01,35.99,261.59,202.25,665.94,213.29,216.0,147.56,70.93,9.26,136.24
2013-02-02,37.97,267.2,220.21,679.83,198.57,155.21,176.41,81.83,11.73,125.14
2013-02-03,37.44,259.98,214.73,681.85,189.65,234.29,186.17,59.24,12.24,139.4
2013-02-04,30.78,230.32,166.73,642.55,191.81,163.09,187.27,70.83,9.36,117.39
2013-02-05,43.27,266.76,194.44,674.03,201.51,237.21,175.53,43.58,9.76,145.59
2013-02-06,35.08,227.75,180.12,690.83,218.78,222.09,146.71,44.72,7.89,133.71
2013-02-07,32.97,234.13,196.41,729.15,195.85,201.88,216.79,56.52,6.03,116.21
2013-02-08,36.21,273.78,206.57,612.4,226.86,130.71,217.15,66.78,6.52,123.21
2013-02-09,42.39,277.36,255.51,628.89,188.99,190.08,188.9,77.7,10.44,125.37
2013-02-10,31.89,261.48,195.14,648.31,185.9,150.19,217.64,74.23,9.84,125.61
2013-02-11,36.29,252.92,217.09,772.87,189.11,220.77,165.5,50.95,11.07,148.51
2013-02-12,37.22,265.35,213.69,652.75,164.05,232.09,155.48,69.85,11.12,123.28
2013-02-13,29.35,253.92,194.47,689.03,202.11,175.58,129.92,52.47,11.05,133.07
2013-02-14,31.46,259.59,208.63,740.64,204.1,183.27,158.96,81.68,6.89,136.06
2013-02-15,36.19,271.91,191.63,679.85,194.82,210.48,193.59,51.04,11.02,132.76
2013-02-16,33.58,261.09,206.32,577.02,225.14,222.94,198.47,52.09,10.01,101.5
2013-02-17,42.21,246.5,208.41,580.86,212.62,179.01,184.17,56.02,8.44,142.34
2013-02-18,29.66,270.9,214.57,708.09,209.63,164.02,220.56,53.17,9.36,151.84
2013-02-19,34.92,279.62,200.0,649.68,183.74,197.33,195.25,40.02,9.95,127.39
2013-02-20,37.39,270.11,197.56,682.89,189.87,240.2,181.33,76.34,9.1,114.03
2013-02-21,31.35,234.91,182.81,555.98,180.86,167.87,208.05,50.48,10.38,137.03
2013-02-22,33.73,266.02,192.32,663.02,188.28,190.99,171.55,39.22,8.88,128.75
2013-02-23,34.72,242.31,224.5,644.27,156.68,185.96,215.71,77.03,7.18,136.42
2013-02-24,33.32,225.81,219.04,674.45,205.79,167.63,162.98,55.75,9.08,119.78
2013-02-25,40.9,262.17,197.22,728.76,150.62,200.72,215.05,44.47,6.24,138.91
2013-02-26,33.6,292.96,208.54,618.76,187.14,223.03,210.35,65.69,10.46,131.08
2013-02-27,36.72,270.76,223.37,541.33,196.65,195.69,144.17,52.94,9.73,141.39
2013-02-28,32.82,245.88,192.31,731.95,182.61,206.05,208.64,47.18,8.27,129.71
2013-03-01,27.87,258.98,198.19,627.25,181.77,244.44,154.95,39.55,8.67,124.01
2013-03-02,24.55,267.78,206.46,648.58,197.07,247.39,166.0,57.7,9.71,132.46
2013-03-03,37.07,245.05,195.4,638.34,217.18,154.59,198.5,38.95,10.98,113.04
2013-03-04,35.55,251.51,183.48,583.74,189.52,215.71,162.81,56.16,9.22,123.48
2013-03-05,38.47,258.24,203.17,674.27,182.85,222.72,214.98,49.91,8.77,128.98
2013-03-06,35.56,231.01,202.51,668.95,214.1,204.21,193.17,70.63,6.22,100.71
2013-03-07,41.27,254.36,197.09,697.31,176.02,228.08,225.8,43.47,8.93,124.76
2013-03-08,32.7,255.7,208.11,677.99,177.59,206.96,195.6,59.86,9.67,137.84
2013-03-09,40.42,234.74,198.69,649.62,210.68,235.94,174.05,58.59,10.13,122.69
2013-03-10,27.87,241.65,209.65,665.97,213.29,224.37,168.04,37.23,9.08,141.91
2013-03-11,37.42,249.7,226.48,697.02,182.3,163.33,164.79,81.27,10.76,125.28
2013-03-12,31.47,240.94,211.98,642.47,185.38,213.5,201.55,68.57,9.49,120.43
2013-03-13,31.4,243.42,211.39,654.74,182.79,183.54,205.63,75.51,10.75,114.66
2013-03-14,36.8,244.52,203.86,650.9,201.4,240.32,222.26,83.79,8.21,130.96
2013-03-15,27.51,266.99,179.84,673.01,187.56,244.91,195.23,40.84,10.86,147.43
2013-03-16,41.18,257.49,192.61,617.42,202.94,181.24,165.99,72.12,13.67,127.06
2013-03-17,42.28,232.96,218.74,672.2,196.89,219.09,208.37,46.02,7.08,124.16
2013-03-18,38.53,223.0,215.15,724.75,222.29,251.57,176.46,60.53,9.07,131.44
2013-03-19,33.31,253.63,204.35,710.25,196.42,196.35,156.46,60.68,11.71,122.34
2013-03-20,39.44,271.2,225.04,678.05,146.48,150.82,167.56,40.34,10.74,141.43
2013-03-21,24.11,223.64,219.66,722.48,223.45,169.24,184.08,50.06,12.82,136.95
2013-03-22,33.55,243.97,188.99,652.62,188.08,201.36,179.22,67.51,6.75,134.8
2013-03-23,35.71,240.78,201.28,613.6,189.48,177.32,195.49,45.95,5.45,153.98
2013-03-24,36.74,214.39,208.15,649.67,175.36,157.92,170.69,44.99,9.86,124.92
2013-03-25,36.18,249.86,221.74,632.31,198.33,148.53,203.03,61.01,6.42,120.31
2013-03-26,34.59,273.47,212.31,709.03,182.64,252.06,170.12,68.03,8.72,134.68
2013-03-27,30.63,221.13,207.32,655.99,199.37,191.42,156.65,31.62,10.51,119.39
2013-03-28,39.48,252.15,215.19,671.46,198.18,185.95,213.19,47.96,6.29,123.34
2013-03-29,38.66,243.96,186.56,655.29,194.96,210.94,196.7,63.6,7.52,134.96
2013-03-30,31.98,263.8,204.82,647.68,184.02,275.31,225.06,53.74,6.47,121.25
2013-03-31,36.71,250.83,195.17,626.46,209.38,163.5,158.59,45.03,9.68,114.34
2013-04-01,38.39,274.75,195.69,627.18,189.69,242.82,164.61,23.3,7.24,101.83
2013-04-02,38.16,247.86,189.98,628.54,193.47,179.84,166.42,75.6,11.41,117.47
2013-04-03,40.25,237.85,217.56,657.13,187.21,201.19,202.81,46.19,8.53,121.22
2013-04-04,31.5,285.54,180.07,599.79,211.01,230.53,182.1,58.74,8.85,129.89
2013-04-05,32.21,244.41,193.26,617.92,229.45,212.37,186.95,75.82,5.09,127.14
2013-04-06,32.95,253.65,223.76,693.19,175.79,235.22,171.28,54.7,9.33,136.88
2013-04-07,42.56,292.47,214.7,621.3,197.5,235.93,187.1,65.15,9.33,134.4
2013-04-08,40.16,272.47,215.5,672.99,221.13,201.57,193.56,78.95,11.33,144.45
2013-04-09,29.41,270.37,202.98,622.42,204.96,223.88,130.28,75.95,7.73,128.55
2013-04-10,42.38,245.56,192.56,637.9,201.99,241.44,177.38,77.79,11.99,114.8
2013-04-11,28.75,268.37,205.59,596.62,187.71,198.92,205.64,84.59,11.88,104.39
2013-04-12,33.59,273.56,223.5,628.55,180.48,250.64,192.45,51.34,8.5,102.21
2013-04-13,32.27,234.05,127.04,678.82,194.53,210.96,192.38,62.99,10.49,143.56
2013-04-14,29.82,272.61,195.03,696.8,216.85,185.9,238.11,48.0,6.38,141.91
2013-04-15,43.86,253.87,193.78,624.35,185.28,223.78,156.41,33.04,7.6,118.32
2013-04-16,31.25,251.46,195.48,652.63,185.58,199.26,149.22,48.78,10.42,121.29
2013-04-17,39.1,256.49,224.51,536.91,233.5,221.14,176.48,43.81,10.59,127.27
2013-04-18,35.09,246.79,209.2,555.25,199.72,141.43,150.13,98.88,12.0,117.03
2013-04-19,31.4,240.36,192.67,709.54,193.3,153.32,206.24,66.7,12.52,140.93
2013-04-20,32.72,254.0,196.06,560.94,188.73,173.22,162.36,58.45,11.19,143.04
2013-04-21,33.09,269.74,193.86,588.36,205.88,125.53,196.19,33.45,10.33,117.32
2013-04-22,36.88,250.67,192.23,660.3,198.75,159.6,142.91,55.19,7.32,135.31
2013-04-23,38.94,268.52,202.79,710.84,204.16,231.92,179.69,37.01,9.46,134.12
2013-04-24,34.75,253.25,184.34,622.01,169.23,208.78,220.23,42.78,6.21,106.91
2013-04-25,38.91,229.25,205.6,769.53,183.25,176.05,169.14,98.38,11.5,119.69
2013-04-26,36.29,278.96,200.26,590.03,196.17,132.91,180.37,70.02,8.32,128.28
2013-04-27,37.32,271.44,201.91,661.01,218.55,184.7,178.54,49.77,13.29,135.82
2013-04-28,30.84,236.09,205.94,732.12,210.69,212.85,187.35,34.05,8.72,142.41
2013-04-29,42.78,235.57,185.11,658.34,221.04,202.24,191.37,53.88,12.25,117.03
2013-04-30,43.32,256.79,177.03,641.96,203.27,164.26,191.5,33.33,9.74,124.24
2013-05-01,31.39,239.08,162.52,718.16,189.24,184.75,258.03,62.22,14.31,132.23
2013-05-02,33.21,241.33,203.98,598.05,181.02,233.54,147.9,64.47,10.18,128.63
2013-05-03,37.3,282.3,201.84,757.24,173.14,204.75,202.45,43.3,11.19,118.01
2013-05-04,37.14,258.22,227.59,685.52,190.4,223.99,196.35,23.6,6.85,129.91
2013-05-05,38.27,275.44,177.56,576.2,209.32,188.81,200.71,79.22,12.87,130.95
2013-05-06,34.31,296.16,217.24,570.63,204.78,192.85,182.77,55.16,12.9,125.16
2013-05-07,40.13,254.46,209.04,709.56,221.77,217.49,213.85,48.0,14.71,109.84
2013-05-08,33.92,265.47,164.81,619.32,209.4,157.09,188.82,62.02,8.24,130.5
2013-05-09,31.31,252.96,206.2,673.01,173.72,237.68,170.81,56.88,7.9,120.79
2013-05-10,35.6,260.28,192.0,698.61,194.02,229.96,186.48,48.05,10.57,124.65
2013-05-11,30.62,263.73,205.79,680.99,205.41,202.2,255.61,13.97,9.62,145.6
2013-05-12,30.1,245.69,212.55,640.2,198.29,236.81,191.45,87.91,10.63,129.22
2013-05-13,32.92,254.74,191.44,689.23,214.91,187.24,159.72,74.74,8.19,133.02
2013-05-14,35.94,234.44,206.63,697.81,181.39,177.61,186.34,32.95,7.01,124.37
2013-05-15,32.33,225.41,180.59,619.21,172.14,222.86,197.73,58.28,10.45,126.4
2013-05-16,35.79,237.86,217.72,766.42,196.92,247.99,215.86,58.43,8.47,123.3
2013-05-17,32.3,280.33,201.85,647.06,176.32,166.01,171.17,61.37,8.25,143.07
2013-05-18,35.12,262.6,225.54,719.48,167.35,201.92,223.35,39.96,9.36,155.36
2013-05-19,37.33,257.19,184.55,598.8,186.32,163.64,170.52,30.96,11.61,124.31
2013-05-20,30.84,260.76,216.69,757.31,196.56,148.59,206.4,32.45,6.49,150.14
2013-05-21,40.82,266.24,196.35,661.1,209.17,173.28,182.53,66.72,6.57,123.57
2013-05-22,37.67,278.07,208.53,557.8,206.8,166.6,204.48,46.63,7.59,119.69
2013-05-23,41.3,251.27,190.12,673.3,198.2,231.15,204.0,69.71,5.15,131.53
2013-05-24,38.2,267.62,187.68,631.04,214.04,222.6,171.15,62.5,13.91,132.45
2013-05-25,39.2,254.4,196.28,637.94,210.57,232.16,141.1,46.13,10.47,128.46
2013-05-26,38.02,258.49,215.36,680.82,196.85,206.42,196.14,43.47,7.48,135.03
2013-05-27,35.46,218.83,196.72,605.96,200.38,188.22,192.76,38.63,11.52,146.65
2013-05-28,35.19,261.8,202.57,660.49,211.78,256.03,188.87,66.58,8.24,133.14
2013-05-29,32.36,248.77,195.79,661.15,196.38,159.14,200.47,56.07,11.11,122.32
2013-05-30,34.04,261.3,192.02,716.45,186.74,265.74,224.07,49.73,10.48,121.99
2013-05-31,39.52,258.53,207.63,550.93,203.11,197.96,185.5,55.49,12.43,146.05
2013-06-01,34.07,278.23,195.86,489.16,194.55,219.02,185.19,47.22,8.85,134.34
2013-06-02,35.14,254.79,224.89,635.79,181.31,173.78,166.6,73.55,7.62,135.04
2013-06-03,32.01,267.03,207.62,659.37,219.47,193.88,150.62,56.43,8.56,140.58
2013-06-04,42.79,265.14,185.89,679.24,207.14,200.38,183.3,62.21,12.45,158.41
2013-06-05,35.17,251.56,218.47,684.17,206.03,163.9,214.43,60.19,8.23,141.75
2013-06-06,31.75,238.77,203.0,633.05,211.44,224.63,184.48,49.5,5.29,140.7
2013-06-07,41.4,260.05,184.19,656.86,224.13,186.69,154.49,76.1,9.65,140.42
2013-06-08,37.27,227.21,175.28,722.9,198.05,212.66,227.62,76.57,9.21,130.96
2013-06-09,40.37,263.18,143.86,595.66,166.36,225.35,202.75,58.25,10.92,123.21
2013-06-10,33.32,263.09,165.82,645.45,199.29,216.59,188.88,50.12,9.87,131.6
2013-06-11,37.27,284.44,228.59,634.75,184.89,150.51,179.96,51.06,8.12,123.28
2013-06-12,36.95,253.07,201.48,603.83,201.65,173.48,162.19,66.26,6.67,125.4
2013-06-13,29.88,238.55,196.93,647.05,192.85,173.16,160.37,70.33,8.71,140.01
2013-06-14,39.43,243.01,207.61,567.81,186.56,168.57,163.75,50.7,9.53,158.71
2013-06-15,35.76,262.55,224.42,683.91,181.76,222.66,199.58,75.39,15.06,109.23
2013-06-16,31.48,250.25,191.68,654.1,218.79,158.33,192.63,51.17,7.34,123.14
2013-06-17,36.37,257.05,220.38,745.42,226.55,217.75,204.21,32.4,9.13,116.78
2013-06-18,33.75,251.94,200.98,736.92,242.42,160.37,199.71,46.66,8.35,123.26
2013-06-19,33.63,255.98,206.35,627.4,207.0,157.01,177.1,71.33,9.49,136.37
2013-06-20,37.71,233.86,177.32,735.24,165.46,139.83,176.6,52.47,7.82,123.18
2013-06-21,33.2,230.62,202.46,606.28,220.88,196.49,182.22,53.46,9.5,122.11
2013-06-22,39.67,273.64,171.19,615.6,184.29,146.87,190.66,45.77,9.69,134.75
2013-06-23,34.38,253.32,205.68,607.62,209.06,204.48,209.71,40.64,11.48,151.35
2013-06-24,38.57,260.23,211.92,723.85,191.42,186.2,148.46,65.15,6.66,110.23
2013-06-25,42.14,235.72,193.7,651.71,198.13,159.95,204.37,73.9,8.68,134.96
2013-06-26,38.71,264.51,202.54,725.88,187.77,195.7,175.38,73.65,5.82,132.91
2013-06-27,33.73,251.3,205.31,645.18,213.88,234.1,173.4,72.3,8.03,122.66
2013-06-28,37.53,269.06,175.01,708.1,207.74,210.47,184.6,45.75,8.21,133.83
2013-06-29,34.89,265.13,186.1,672.1,199.31,217.07,131.19,48.2,10.06,135.08
2013-06-30,32.28,257.84,208.03,653.43,203.56,200.09,164.3,48.27,7.31,142.41
2013-07-01,26.92,256.51,214.3,685.61,215.72,194.59,173.26,48.23,5.78,115.84
2013-07-02,36.41,219.67,199.69,625.63,177.73,180.04,181.22,58.86,10.73,119.61
2013-07-03,45.22,254.1,178.87,643.43,194.47,223.32,152.43,50.0,5.18,140.9
2013-07-04,42.4,258.86,211.77,647.82,194.35,212.19,200.7,72.86,10.21,120.44
2013-07-05,42.14,246.95,244.51,672.83,176.49,163.38,175.99,74.78,8.58,118.73
2013-07-06,28.13,229.47,190.51,719.68,213.85,231.32,195.74,69.63,5.64,132.49
2013-07-07,28.34,260.93,183.96,640.3,207.06,182.57,186.18,58.35,10.97,121.62
2013-07-08,32.41,246.37,231.58,673.47,195.28,199.82,179.73,46.99,11.09,142.72
2013-07-09,31.57,262.68,211.6,718.59,185.01,190.7,188.65,63.51,6.75,121.98
2013-07-10,31.89,246.17,193.71,525.28,218.56,190.66,184.39,75.79,12.25,130.68
2013-07-11,33.82,245.96,197.83,669.81,169.05,199.08,173.57,72.51,7.22,144.86
2013-07-12,39.22,247.88,224.65,559.0,196.8,148.31,183.58,57.88,7.08,116.9
2013-07-13,36.82,257.26,197.62,729.82,174.77,207.4,156.28,39.37,5.46,126.82
2013-07-14,37.94,263.41,182.19,686.61,200.62,198.72,161.07,70.78,6.44,139.18
2013-07-15,24.83,254.82,191.68,698.92,198.77,193.6,143.18,74.61,9.82,163.37
2013-07-16,37.87,267.9,203.59,640.46,186.1,235.28,170.51,80.71,8.39,120.18
2013-07-17,35.97,267.0,201.91,686.97,181.95,178.07,183.12,55.62,9.86,130.1
2013-07-18,38.39,252.23,201.29,678.53,210.02,142.84,145.22,52.66,11.87,131.89
2013-07-19,32.18,271.91,205.89,708.98,182.58,143.04,183.94,65.23,9.91,123.89
2013-07-20,37.03,239.09,207.05,693.4,217.02,212.09,183.28,48.03,5.44,122.05
2013-07-21,32.03,263.05,207.09,711.82,209.78,154.23,184.6,50.9,8.12,104.78
2013-07-22,24.19,244.01,202.29,621.61,214.77,182.48,184.52,59.77,10.22,115.07
2013-07-23,37.71,269.47,176.61,719.69,177.08,206.28,190.42,75.09,8.63,118.42
2013-07-24,31.47,236.07,216.44,688.21,226.18,91.59,144.83,71.57,7.79,152.2
2013-07-25,35.62,255.83,188.43,669.29,194.0,211.8,186.07,67.03,6.46,119.79
2013-07-26,39.62,269.89,188.25,680.55,176.16,163.1,149.52,52.89,10.19,127.13
2013-07-27,37.07,219.07,216.1,667.06,173.78,166.81,153.24,63.87,7.75,109.74
2013-07-28,39.9,243.63,195.88,634.98,181.56,193.62,143.24,38.06,7.71,124.25
2013-07-29,34.25,253.69,217.03,650.71,188.17,127.4,150.27,53.76,7.07,126.96
2013-07-30,21.99,271.43,211.99,640.83,201.29,207.92,150.09,40.45,7.58,141.82
2013-07-31,41.21,268.39,192.55,617.47,192.0,142.11,199.15,46.26,9.95,131.16
2013-08-01,30.24,231.09,214.82,680.76,204.94,180.04,144.48,66.95,7.68,144.7
2013-08-02,30.86,246.94,212.66,752.84,205.97,244.01,186.75,66.31,6.99,113.96
2013-08-03,38.7,268.04,213.76,703.73,191.39,209.38,160.81,51.78,6.38,123.95
2013-08-04,37.79,286.99,207.93,744.3,195.36,170.92,235.27,46.27,6.66,140.81
2013-08-05,33.48,235.22,217.52,579.31,210.57,165.99,195.15,71.55,11.74,128.17
2013-08-06,28.1,281.52,235.64,651.1,212.74,225.87,233.81,58.99,12.01,125.47
2013-08-07,42.68,233.42,203.38,614.61,202.7,182.16,174.56,63.52,7.27,135.64
2013-08-08,35.41,285.34,201.06,695.8,221.31,222.59,166.53,42.84,10.38,130.78
2013-08-09,31.02,225.71,212.51,602.34,236.97,170.21,224.39,79.35,5.38,135.28
2013-08-10,31.33,261.21,210.82,697.68,183.32,222.27,181.9,52.45,8.69,127.34
2013-08-11,40.41,228.92,190.74,719.99,183.13,245.75,155.7,64.72,7.4,96.62
2013-08-12,34.48,244.04,197.69,657.18,203.24,185.42,180.5,36.66,9.02,142.52
2013-08-13,36.62,238.45,184.77,669.16,214.44,227.22,158.07,28.57,4.92,124.61
2013-08-14,32.9,263.43,206.74,628.78,218.33,170.14,174.48,27.04,10.2,143.37
2013-08-15,39.42,285.04,226.18,683.5,204.97,183.45,175.76,26.36,10.16,136.99
2013-08-16,34.56,285.37,201.85,666.73,184.69,188.93,138.33,63.11,8.6,129.58
2013-08-17,43.55,265.63,218.43,663.16,207.13,251.3,176.34,80.37,10.77,133.04
2013-08-18,36.5,268.29,242.98,614.84,189.28,179.56,184.58,85.77,7.05,137.87
2013-08-19,42.72,257.15,189.61,662.49,199.98,202.09,233.42,52.82,5.98,136.81
2013-08-20,34.82,250.01,204.34,621.6,204.23,208.73,197.72,70.63,9.69,135.23
2013-08-21,32.69,247.36,217.3,738.69,150.81,248.9,184.96,43.75,11.13,135.16
2013-08-22,27.57,267.99,193.83,618.34,178.78,206.09,182.11,48.8,5.88,124.36
2013-08-23,33.02,278.55,207.26,676.13,226.45,250.57,181.29,69.97,12.81,121.16
2013-08-24,30.91,260.56,205.41,669.13,215.49,227.79,213.37,65.61,10.52,119.51
2013-08-25,35.72,266.88,197.64,687.41,214.53,143.07,201.49,32.26,8.04,119.9
2013-08-26,37.69,239.37,227.58,685.61,174.7,212.14,218.83,65.18,10.34,127.72
2013-08-27,34.68,250.47,207.11,576.01,162.44,189.34,194.78,65.97,8.64,145.47
2013-08-28,35.48,232.29,167.75,589.37,206.04,249.63,167.05,52.51,10.3,142.69
2013-08-29,36.54,267.53,208.96,608.0,193.39,221.0,184.68,64.53,8.73,130.49
2013-08-30,31.14,242.25,198.92,685.46,240.57,189.98,154.98,27.71,8.07,117.91
2013-08-31,24.1,238.56,202.14,640.43,201.21,230.83,230.42,27.79,8.03,136.6
2013-09-01,22.15,231.99,204.75,636.51,183.56,243.66,184.41,39.58,10.23,117.98
2013-09-02,38.38,252.4,213.1,647.17,210.07,227.51,226.61,46.09,11.04,117.69
2013-09-03,40.06,257.04,204.47,579.91,207.23,268.33,208.16,55.9,7.89,148.87
2013-09-04,40.04,253.29,189.09,649.49,211.49,249.98,201.68,82.79,10.53,125.71
2013-09-05,44.7,265.17,247.87,708.58,202.9,229.23,247.65,40.5,8.6,149.14
2013-09-06,37.47,268.14,206.03,560.62,224.87,271.75,189.75,71.87,8.67,132.58
2013-09-07,39.19,244.37,199.48,592.69,183.16,211.53,174.78,51.19,10.69,122.48
2013-09-08,34.25,233.06,217.54,702.63,210.95,197.76,141.71,59.54,11.14,113.39
2013-09-09,36.78,232.86,177.61,648.21,227.43,188.32,162.64,49.0,9.71,128.47
2013-09-10,32.37,246.21,205.25,646.16,170.18,244.54,218.24,75.92,11.23,140.71
2013-09-11,37.18,250.88,219.1,708.46,155.89,185.24,213.93,48.54,8.47,132.62
2013-09-12,33.89,269.14,186.59,689.64,206.64,221.45,175.7,47.07,9.9,138.8
2013-09-13,44.13,281.86,204.08,706.1,251.27,174.64,194.77,69.63,7.66,113.17
2013-09-14,46.55,255.4,187.56,629.52,189.84,265.75,198.06,72.8,8.86,110.42
2013-09-15,42.6,247.27,171.81,747.3,181.31,199.52,228.08,47.8,10.9,119.54
2013-09-16,39.22,266.48,176.58,602.92,198.83,269.67,214.32,51.31,12.13,105.48
2013-09-17,33.38,256.61,184.7,674.98,205.29,238.47,188.89,65.51,9.39,137.2
2013-09-18,27.37,260.63,207.98,660.61,212.94,213.43,170.62,47.22,6.45,126.36
2013-09-19,41.54,266.87,212.58,644.54,220.06,185.33,191.22,52.97,8.83,131.36
2013-09-20,28.89,247.26,243.14,665.69,203.39,223.23,146.18,37.95,10.56,129.65
2013-09-21,33.41,266.04,204.36,572.29,191.88,181.59,160.45,41.64,8.16,130.38
2013-09-22,35.05,267.0,208.98,592.75,231.93,208.05,143.13,51.41,11.95,121.66
2013-09-23,34.81,229.38,214.94,626.77,174.98,190.19,181.62,39.33,12.11,135.24
2013-09-24,38.89,234.29,209.62,620.96,176.85,163.87,168.68,64.53,14.6,143.52
2013-09-25,35.87,277.86,231.9,674.44,197.91,195.38,169.63,31.23,13.16,115.12
2013-09-26,36.18,266.78,232.01,712.03,186.41,198.43,209.22,52.26,9.57,133.57
2013-09-27,32.96,262.97,190.73,649.3,192.34,166.76,192.37,73.91,8.99,124.6
2013-09-28,36.43,261.3,195.93,702.06,221.17,233.77,183.3,42.43,9.48,116.15
2013-09-29,37.79,276.13,207.01,661.94,200.35,214.16,182.82,27.28,9.1,117.66
2013-09-30,39.48,248.05,186.47,612.07,196.89,180.39,231.85,49.02,10.38,133.7
2013-10-01,35.73,262.9,211.24,652.08,225.52,201.17,211.56,43.11,7.9,115.57
2013-10-02,31.58,230.48,204.04,633.49,208.32,199.88,169.32,77.25,6.34,135.93
2013-10-03,37.25,277.72,215.61,692.16,233.37,215.22,172.47,48.24,8.59,130.24
2013-10-04,35.03,242.14,236.31,700.41,196.9,180.61,151.94,63.19,10.19,133.07
2013-10-05,33.39,248.27,192.46,707.92,207.79,156.2,167.39,65.86,8.89,129.0
2013-10-06,43.69,262.21,199.33,701.85,177.76,225.89,177.86,60.19,9.96,121.1
2013-10-07,34.42,268.76,205.73,656.05,198.9,132.85,135.0,28.76,8.29,128.75
2013-10-08,29.45,272.06,202.88,668.85,200.08,192.85,187.98,56.18,9.01,116.85
2013-10-09,34.4,284.18,191.43,680.88,181.13,163.87,184.0,87.26,8.27,153.89
2013-10-10,35.47,229.36,215.49,618.65,204.18,152.75,151.81,66.73,11.96,133.02
2013-10-11,31.66,234.7,164.08,647.57,182.07,166.97,165.64,57.06,9.48,143.94
2013-10-12,31.84,240.42,207.87,771.72,174.97,188.1,193.26,41.08,10.03,121.74
2013-10-13,30.07,234.03,196.62,622.07,211.0,260.26,208.85,56.54,6.52,119.89
2013-10-14,26.96,254.82,199.78,647.83,200.68,214.16,226.48,40.63,10.79,135.9
2013-10-15,33.08,287.87,199.13,597.99,195.65,196.75,178.91,33.9,8.62,129.7
2013-10-16,34.06,249.89,178.33,616.14,203.37,211.78,148.3,58.48,6.97,144.85
2013-10-17,37.44,259.61,183.03,643.23,220.61,183.57,119.89,30.66,9.87,124.51
2013-10-18,31.91,214.05,216.69,673.25,207.71,169.61,160.1,49.21,8.64,129.21
2013-10-19,34.98,255.22,206.58,646.72,191.23,182.69,159.68,38.21,8.33,158.47
2013-10-20,37.21,251.57,199.16,603.11,216.52,134.4,215.55,35.83,10.29,132.19
2013-10-21,33.59,243.63,211.2,635.05,193.88,194.83,163.07,78.43,8.87,132.07
2013-10-22,32.64,271.17,178.37,608.81,196.61,150.66,199.62,46.02,6.29,124.45
2013-10-23,33.89,278.82,202.61,717.08,193.81,219.55,196.03,73.39,10.24,100.6
2013-10-24,33.66,254.46,205.35,668.86,213.08,172.47,168.14,43.6,12.43,115.71
2013-10-25,30.52,299.0,214.21,643.64,197.84,198.22,232.62,57.52,8.11,119.88
2013-10-26,42.65,257.56,197.87,613.69,195.37,201.16,211.14,59.63,9.3,126.75
2013-10-27,37.8,241.32,211.02,630.76,195.61,123.52,124.65,30.4,10.9,127.73
2013-10-28,28.63,264.46,201.66,627.26,188.75,239.29,214.85,35.67,6.86,131.93
2013-10-29,43.16,248.85,207.54,660.85,190.8,227.12,179.51,44.56,6.77,122.05
2013-10-30,39.83,265.25,213.93,644.16,197.31,209.01,172.51,69.95,8.89,124.01
2013-10-31,39.14,247.54,223.54,601.23,224.0,170.73,208.68,87.27,9.42,149.1
2013-11-01,34.98,220.78,202.64,731.4,180.72,208.5,154.84,66.51,11.49,135.61
2013-11-02,34.0,273.71,212.52,606.01,213.89,188.75,166.39,63.29,8.3,125.46
2013-11-03,40.6,257.89,204.99,652.28,213.71,276.42,197.67,55.85,8.02,135.1
2013-11-04,39.01,226.42,188.49,662.02,210.95,178.83,207.14,75.09,15.67,136.58
2013-11-05,38.81,236.88,220.03,627.51,206.29,194.58,174.8,46.0,7.69,141.99
2013-11-06,44.89,260.2,193.71,594.34,194.12,210.86,213.75,73.26,6.82,142.72
2013-11-07,30.37,234.52,209.15,632.45,181.98,150.06,189.82,52.49,10.74,119.35
2013-11-08,32.51,265.47,194.01,614.54,204.17,213.17,138.75,48.0,10.13,120.31
2013-11-09,37.47,286.37,185.89,724.54,186.27,149.72,163.32,52.72,9.9,122.12
2013-11-10,34.34,228.49,226.92,688.3,201.73,196.94,207.08,54.81,6.06,126.53
2013-11-11,35.01,282.32,202.37,572.38,193.86,242.3,234.24,75.27,9.75,122.39
2013-11-12,40.59,245.76,242.9,678.76,174.39,227.53,245.78,44.84,10.96,134.73
2013-11-13,36.48,224.75,219.94,656.86,164.77,199.15,156.82,65.68,6.97,138.21
2013-11-14,34.76,258.79,194.31,627.3,216.4,186.14,200.05,40.69,10.49,146.14
2013-11-15,32.42,253.66,168.33,551.98,204.41,181.28,156.5,42.29,10.01,129.68
2013-11-16,37.77,264.94,194.6,673.07,183.94,144.17,188.46,26.87,8.63,130.57
2013-11-17,38.24,260.08,193.33,626.21,197.31,223.66,166.48,45.43,10.59,118.56
2013-11-18,32.43,250.33,224.66,614.22,178.85,210.77,172.52,58.24,6.26,141.35
2013-11-19,31.96,277.44,238.86,636.22,198.51,215.99,161.85,65.28,11.25,136.31
2013-11-20,29.62,268.84,198.99,654.74,207.15,191.39,187.68,74.07,6.59,112.01
2013-11-21,38.54,258.48,197.94,582.14,209.01,246.76,166.27,56.79,7.76,128.23
2013-11-22,40.8,248.65,204.74,706.29,187.9,187.38,188.24,80.58,13.3,122.09
2013-11-23,32.62,269.86,179.39,640.72,209.43,184.01,179.04,35.32,9.95,121.94
2013-11-24,31.69,280.42,196.06,611.04,201.65,222.96,194.35,87.85,11.04,100.32
2013-11-25,36.7,258.11,224.59,661.2,190.55,213.22,163.61,44.09,9.44,134.4
2013-11-26,29.96,263.78,209.1,654.84,242.06,183.0,190.2,56.49,7.23,139.97
2013-11-27,33.42,240.95,179.02,546.74,214.45,200.4,189.03,70.39,16.14,141.31
2013-11-28,38.44,255.47,222.93,572.34,205.18,217.78,167.64,45.7,9.99,122.4
2013-11-29,35.84,236.59,185.27,635.05,182.76,182.56,196.75,71.92,6.84,154.27
2013-11-30,41.29,258.24,197.79,579.06,174.96,211.3,219.72,72.55,7.64,125.0
2013-12-01,35.53,260.07,205.41,609.1,205.28,144.82,202.03,56.03,6.62,154.93
2013-12-02,33.62,226.21,206.2,567.62,176.0,246.3,194.54,49.22,12.01,140.62
2013-12-03,44.41,247.35,174.77,610.51,196.74,202.28,150.48,58.43,8.91,135.36
2013-12-04,37.08,278.19,198.15,665.05,207.17,157.38,197.55,55.14,7.58,127.78
2013-12-05,36.43,246.13,193.62,740.64,215.92,209.8,133.62,67.63,9.01,140.85
2013-12-06,36.9,266.08,209.49,644.67,197.62,198.05,139.32,85.53,7.67,126.41
2013-12-07,34.44,268.65,209.66,627.4,240.18,202.06,171.72,70.07,8.53,144.73
2013-12-08,30.24,251.47,216.74,576.88,193.04,183.88,189.54,46.38,6.13,123.68
2013-12-09,35.56,238.98,201.41,652.66,205.21,200.34,214.66,15.05,9.74,132.72
2013-12-10,32.98,259.94,197.04,609.88,221.67,179.47,144.95,46.47,7.21,148.89
2013-12-11,35.51,261.64,201.42,644.31,191.59,166.33,209.84,57.34,8.8,126.38
2013-12-12,34.45,221.27,190.57,632.07,198.32,168.73,182.3,65.54,7.81,120.23
2013-12-13,37.4,267.11,193.47,623.99,203.84,255.4,184.99,45.64,3.72,146.9
2013-12-14,33.73,257.61,171.29,614.89,186.84,184.01,239.16,54.64,4.67,137.1
2013-12-15,28.0,257.25,182.55,712.39,198.9,261.02,209.12,51.22,9.28,155.66
2013-12-16,40.57,283.71,182.34,595.82,230.84,243.85,189.6,53.95,9.74,108.27
2013-12-17,40.87,275.23,176.58,649.55,181.68,230.1,174.52,80.52,9.11,136.8
2013-12-18,39.34,282.72,191.49,620.95,202.23,172.62,159.36,66.6,7.1,134.39
2013-12-19,30.09,285.61,185.92,618.0,187.47,176.78,174.04,69.76,8.91,120.31
2013-12-20,39.62,257.55,209.09,717.19,165.97,160.26,143.82,58.93,11.53,128.45
2013-12-21,37.85,254.71,195.33,703.52,233.0,189.42,206.89,32.34,11.46,143.35
2013-12-22,41.28,265.24,203.07,597.09,193.71,131.62,175.25,87.82,9.58,112.11
2013-12-23,38.03,223.18,206.26,662.8,208.41,208.77,177.49,40.48,8.62,137.32
2013-12-24,32.78,286.14,215.74,641.61,157.07,241.11,163.31,36.73,6.97,145.02
2013-12-25,32.23,229.26,181.7,663.31,202.84,189.01,201.77,69.16,11.34,131.92
2013-12-26,32.1,234.94,169.04,657.12,161.48,169.18,159.22,44.05,6.85,127.39
2013-12-27,46.21,252.79,193.24,662.74,222.8,207.0,198.58,49.86,7.97,129.05
2013-12-28,37.01,209.66,220.29,627.74,187.23,179.42,146.4,49.97,9.16,124.43
2013-12-29,35.11,258.82,206.65,552.98,211.25,237.23,176.15,52.72,8.35,134.74
2013-12-30,37.77,266.23,219.86,640.72,207.42,207.81,146.92,47.68,7.92,150.26
2013-12-31,33.74,256.86,182.97,594.4,191.53,164.02,182.03,73.01,9.73,93.75
2014-01-01,42.73,296.33,195.93,673.53,199.72,218.66,214.82,26.76,9.01,124.64
2014-01-02,39.43,252.3,177.51,617.2,179.18,210.6,152.62,64.45,12.7,131.16
2014-01-03,34.82,248.13,225.73,677.92,180.43,207.65,162.78,82.37,9.91,122.98
2014-01-04,42.51,251.73,206.82,713.66,205.91,181.81,173.45,71.66,9.86,118.34
2014-01-05,35.47,263.88,187.18,685.61,203.97,187.8,159.12,59.5,5.33,125.42
2014-01-06,37.6,245.02,189.17,734.86,207.95,238.77,191.1,65.59,8.4,134.23
2014-01-07,37.84,257.95,207.08,665.47,196.33,230.19,180.98,53.97,7.4,138.41
2014-01-08,34.33,259.57,208.58,685.27,165.87,194.01,203.53,42.1,10.08,163.63
2014-01-09,39.1,278.94,209.07,695.33,199.55,181.95,181.25,63.95,8.88,150.94
2014-01-10,35.41,277.76,204.14,623.82,199.65,233.97,215.57,66.88,8.44,125.57
2014-01-11,28.59,248.15,216.88,675.6,173.05,203.16,186.13,85.47,7.86,143.46
2014-01-12,36.34,246.0,209.78,729.09,206.39,235.77,159.85,48.47,8.64,119.96
2014-01-13,32.96,280.01,223.28,732.92,209.65,159.43,183.2,35.01,13.87,129.24
2014-01-14,30.1,230.35,184.03,707.94,188.34,270.47,159.92,14.46,7.55,136.67
2014-01-15,40.14,247.23,227.64,693.24,166.39,201.5,178.02,59.53,10.59,140.21
2014-01-16,31.05,272.77,192.02,610.95,214.07,194.42,210.01,37.63,9.53,137.03
2014-01-17,38.36,237.27,214.65,589.04,210.59,187.76,216.07,71.95,7.35,120.84
2014-01-18,33.28,251.1,232.26,642.16,238.34,149.64,218.75,58.6,11.9,149.14
2014-01-19,35.12,263.46,201.69,623.8,197.89,192.57,181.14,73.38,10.29,142.34
2014-01-20,37.91,253.88,188.48,644.13,173.63,156.5,107.04,73.47,10.43,129.13
2014-01-21,42.3,258.9,183.99,659.5,218.21,213.17,217.13,47.05,8.2,131.17
2014-01-22,35.4,268.6,197.68,645.41,185.76,151.75,161.17,71.82,13.4,147.01
2014-01-23,32.18,249.58,214.4,668.22,194.83,195.62,186.32,77.54,8.99,95.25
2014-01-24,35.09,243.51,205.12,604.61,178.38,199.1,159.76,70.64,12.52,136.8
2014-01-25,41.8,247.26,199.91,656.48,189.54,197.82,172.11,49.5,6.6,114.4
2014-01-26,47.86,259.42,218.95,642.87,181.55,142.32,215.77,36.73,7.58,141.67
2014-01-27,28.0,268.31,208.45,686.69,217.46,171.17,183.68,61.0,9.86,137.84
2014-01-28,32.65,283.17,163.03,655.99,199.26,197.7,200.28,50.19,10.92,135.05
2014-01-29,36.55,257.48,185.84,630.45,178.13,149.23,197.59,55.34,9.4,142.87
2014-01-30,28.25,244.06,208.24,629.57,206.12,155.49,186.19,63.5,10.79,139.66
2014-01-31,25.17,221.58,221.79,700.34,184.46,208.87,178.84,29.91,11.1,143.48
2014-02-01,34.81,248.57,224.03,552.61,188.45,188.07,223.35,25.38,11.26,147.57
2014-02-02,33.25,235.74,201.45,671.03,216.73,184.06,154.92,41.16,8.34,116.99
2014-02-03,41.56,275.27,208.42,662.8,193.03,157.09,188.93,72.85,7.76,120.44
2014-02-04,32.3,263.06,215.4,691.96,187.46,131.68,204.82,2.76,9.75,124.35
2014-02-05,32.48,216.19,170.62,647.97,213.85,153.3,179.92,63.87,9.64,143.63
2014-02-06,33.76,266.04,188.87,589.09,192.7,185.78,183.98,65.64,7.64,137.27
2014-02-07,41.89,250.73,198.77,668.22,189.41,134.98,189.04,53.36,8.15,124.8
2014-02-08,37.42,285.22,225.25,683.59,219.37,210.75,216.41,67.33,8.72,117.43
2014-02-09,39.78,235.98,199.52,637.47,209.03,205.47,202.71,62.25,7.3,135.56
2014-02-10,39.62,219.34,213.52,660.63,192.81,177.91,198.5,65.3,8.09,121.0
2014-02-11,36.48,250.2,208.75,670.88,200.29,234.15,239.92,85.82,9.97,149.08
2014-02-12,34.24,277.51,212.29,678.18,172.98,207.37,195.54,65.23,12.11,141.34
2014-02-13,28.81,243.68,174.4,678.22,170.27,202.5,136.51,71.89,9.07,158.6
2014-02-14,35.45,286.1,188.02,726.77,181.44,168.76,214.28,53.07,4.86,128.95
2014-02-15,32.79,244.68,176.18,644.59,203.19,244.49,198.56,62.79,7.89,125.95
2014-02-16,35.11,284.14,157.97,647.02,211.42,176.3,184.03,36.96,8.0,135.72
2014-02-17,42.0,239.61,184.91,598.67,206.39,202.59,215.22,61.46,9.97,121.17
2014-02-18,28.54,241.56,176.2,680.16,187.4,224.96,161.35,76.33,8.38,134.11
2014-02-19,33.74,244.66,190.04,618.95,173.83,192.97,189.74,68.53,9.55,131.09
2014-02-20,41.1,250.53,192.61,572.27,218.38,170.05,165.51,49.1,10.83,133.15
2014-02-21,36.12,228.18,211.82,688.81,204.24,219.97,151.85,41.97,12.04,116.29
2014-02-22,27.39,237.47,200.05,618.4,205.73,170.92,216.11,55.53,9.41,132.5
2014-02-23,37.47,256.61,192.5,659.69,186.12,184.75,210.78,53.38,9.42,117.68
2014-02-24,34.27,237.01,219.0,613.42,196.56,171.72,202.6,98.84,8.05,148.82
2014-02-25,36.5,273.88,213.25,709.58,179.93,207.52,218.26,60.41,4.3,123.71
2014-02-26,27.11,280.04,174.19,609.87,202.62,200.03,176.5,81.36,8.52,155.32
2014-02-27,36.82,249.24,210.02,581.95,192.06,154.49,168.84,58.28,8.06,146.9
2014-02-28,39.59,260.78,222.45,644.75,185.12,203.81,178.87,63.57,10.98,96.96
2014-03-01,37.71,279.12,173.79,636.29,199.05,244.19,175.15,53.92,8.32,140.68
2014-03-02,40.61,264.46,184.38,644.59,221.32,208.16,207.54,50.24,10.61,148.21
2014-03-03,31.88,255.55,194.47,643.51,200.77,178.61,172.76,57.44,9.15,145.82
2014-03-04,38.68,275.84,177.6,626.82,223.68,176.97,180.06,71.37,8.84,120.96
2014-03-05,33.05,286.27,194.78,716.48,219.88,206.81,225.96,46.74,5.01,154.96
2014-03-06,34.77,242.54,169.18,700.07,173.24,187.38,182.21,52.82,7.89,136.4
2014-03-07,38.83,269.88,179.3,640.73,193.98,231.09,190.08,63.15,7.34,128.56
2014-03-08,34.71,245.46,196.52,787.99,172.45,208.14,184.0,32.24,10.99,124.12
2014-03-09,31.92,289.08,193.03,602.5,198.82,208.08,175.62,63.24,9.94,132.35
2014-03-10,36.34,243.32,179.28,592.33,183.34,172.45,212.23,52.92,10.7,151.61
2014-03-11,24.98,272.43,191.6,673.34,184.86,151.37,171.81,90.66,6.33,147.96
2014-03-12,40.41,264.31,201.61,699.6,194.25,174.46,166.23,47.98,10.14,123.85
2014-03-13,35.53,264.47,192.0,642.98,200.35,154.85,179.57,61.98,10.97,118.41
2014-03-14,32.42,252.64,189.07,670.67,188.75,139.24,137.33,12.64,12.29,148.21
2014-03-15,36.43,266.98,220.85,689.7,165.79,200.57,197.59,84.63,12.37,128.02
2014-03-16,40.77,245.39,207.31,621.95,198.6,183.52,206.24,53.65,11.38,130.43
2014-03-17,38.39,231.82,204.73,709.44,169.61,233.02,196.65,34.61,6.97,137.97
2014-03-18,33.66,251.55,180.25,665.82,203.72,271.9,162.94,53.57,7.65,115.17
2014-03-19,33.29,255.89,205.25,705.86,175.1,205.59,171.53,74.27,2.89,142.97
2014-03-20,33.55,249.27,194.17,622.71,197.05,166.38,218.33,62.44,11.83,126.4
2014-03-21,37.71,260.33,181.58,605.94,187.79,178.6,182.8,60.13,7.22,136.97
2014-03-22,31.02,251.28,251.97,702.57,217.51,177.21,189.24,65.87,10.26,140.41
2014-03-23,35.3,228.9,214.06,716.18,185.2,214.29,192.98,72.63,4.48,140.39
2014-03-24,31.52,261.58,231.37,642.09,207.79,224.87,155.09,32.5,4.26,124.4
2014-03-25,42.41,310.8,199.63,652.08,174.9,256.75,157.06,55.47,6.09,145.14
2014-03-26,33.73,266.44,216.01,654.4,200.21,122.33,225.05,32.51,10.66,139.43
2014-03-27,33.24,269.65,238.27,665.96,184.95,220.92,196.6,83.58,11.4,130.46
2014-03-28,33.93,257.92,211.54,675.83,177.98,208.61,183.07,32.21,7.02,142.61
2014-03-29,31.53,257.9,188.31,651.48,208.85,190.93,186.94,57.53,12.71,153.19
2014-03-30,34.98,255.65,183.85,647.58,214.19,172.39,220.22,27.5,9.38,136.6
2014-03-31,41.03,253.37,194.9,665.52,218.26,108.65,207.68,71.92,8.37,123.07
2014-04-01,36.98,256.84,207.13,712.59,193.87,174.87,183.33,85.93,8.07,138.64
2014-04-02,36.08,255.98,256.49,674.41,196.81,190.93,163.62,61.22,14.08,107.63
2014-04-03,30.8,268.8,217.47,610.45,188.29,207.61,185.1,58.97,9.01,118.92
2014-04-04,39.18,259.87,180.98,618.73,242.89,187.89,196.82,51.64,7.02,143.69
2014-04-05,39.26,266.03,205.21,644.61,208.6,140.07,201.47,53.25,12.14,141.61
2014-04-06,29.1,238.36,205.9,674.31,191.02,244.46,195.14,65.25,7.56,140.19
2014-04-07,35.79,258.4,220.81,601.04,199.39,169.09,200.36,47.41,7.25,136.77
2014-04-08,39.36,272.95,179.44,655.87,198.05,204.39,157.29,33.0,9.66,127.45
2014-04-09,24.76,253.9,212.65,678.21,221.12,199.76,216.81,40.17,12.11,129.77
2014-04-10,36.96,218.06,204.69,664.32,211.61,225.58,160.06,63.6,8.56,135.14
2014-04-11,44.75,249.59,191.21,674.17,203.08,253.3,203.86,73.48,6.91,162.15
2014-04-12,34.95,270.12,213.27,619.01,188.39,212.21,160.65,17.03,6.07,110.55
2014-04-13,39.88,268.82,220.94,661.23,183.32,186.56,159.58,76.82,5.41,148.68
2014-04-14,36.96,235.1,205.7,613.46,196.27,176.55,190.91,90.31,11.61,132.98
2014-04-15,35.42,260.45,179.89,618.7,237.25,162.28,179.48,50.43,10.38,112.78
2014-04-16,36.32,279.06,182.03,676.16,157.91,243.34,217.69,80.18,10.55,128.81
2014-04-17,32.64,289.16,210.86,652.46,208.04,183.8,202.75,29.98,6.82,124.37
2014-04-18,42.2,252.58,207.88,672.39,175.02,169.21,182.09,49.59,6.74,148.46
2014-04-19,39.28,245.93,215.34,673.82,205.07,183.43,201.73,50.67,10.19,112.7
2014-04-20,37.93,274.91,217.84,627.1,191.04,184.29,225.69,43.32,7.91,129.53
2014-04-21,31.29,246.05,200.52,728.25,204.65,203.21,181.67,58.97,10.56,132.48
2014-04-22,36.68,266.21,210.18,638.36,201.63,271.36,196.57,55.24,6.43,111.84
2014-04-23,29.07,285.84,233.84,629.31,200.25,192.01,162.46,38.87,8.88,136.06
2014-04-24,37.55,242.94,195.95,710.77,197.12,201.52,151.74,48.49,8.98,135.8
2014-04-25,29.48,261.7,238.7,706.46,196.85,182.14,149.8,43.02,8.05,151.93
2014-04-26,25.68,224.71,189.69,642.83,202.26,201.77,163.47,51.2,5.01,105.98
2014-04-27,32.58,263.95,185.82,674.28,208.55,218.34,190.55,8.25,11.63,138.49
2014-04-28,43.21,227.81,219.34,542.32,184.06,184.57,201.98,34.32,8.89,132.66
2014-04-29,30.87,264.77,194.29,665.33,200.82,196.27,192.66,55.59,11.44,123.68
2014-04-30,35.6,261.15,188.97,680.04,185.26,169.57,189.48,81.83,9.99,133.35
2014-05-01,33.62,249.49,198.0,577.13,175.57,161.53,185.29,67.52,9.28,128.66
2014-05-02,36.35,286.5,169.65,712.63,208.06,169.87,190.89,33.46,10.82,114.73
2014-05-03,40.54,286.39,225.37,681.24,179.17,164.96,171.09,74.55,7.78,156.31
2014-05-04,29.89,268.33,226.58,632.6,239.86,160.88,179.82,59.86,9.76,130.04
2014-05-05,44.59,246.49,191.72,629.38,185.93,200.13,168.91,64.23,9.89,133.3
2014-05-06,32.13,236.75,194.15,679.99,201.46,244.84,210.7,35.29,6.44,128.54
2014-05-07,33.51,235.27,169.97,695.85,191.08,202.24,157.67,74.99,6.1,116.46
2014-05-08,34.98,254.28,199.79,622.4,175.22,134.37,155.89,39.14,4.57,133.75
2014-05-09,31.4,247.37,220.51,721.12,166.57,149.41,221.41,31.14,11.93,116.12
2014-05-10,33.11,252.18,188.28,550.97,203.93,176.63,207.95,52.98,11.02,141.3
2014-05-11,37.39,210.67,223.4,609.23,208.01,139.87,198.34,65.96,6.01,136.73
2014-05-12,27.9,243.15,225.49,573.64,216.81,145.93,213.27,27.03,10.86,142.43
2014-05-13,30.56,247.23,186.33,723.7,211.76,200.44,170.63,60.91,10.67,115.97
2014-05-14,36.92,222.91,180.83,703.09,189.07,156.23,137.42,74.88,6.1,154.24
2014-05-15,42.77,247.65,204.0,670.89,230.74,207.97,217.05,24.02,8.64,109.57
2014-05-16,29.17,233.33,224.63,668.44,220.8,236.62,194.66,35.32,13.06,130.7
2014-05-17,47.6,245.06,187.51,653.08,169.23,196.91,214.94,72.22,8.5,126.37
2014-05-18,40.57,241.04,198.75,704.73,212.39,99.36,238.08,54.94,10.79,125.15
2014-05-19,36.63,229.67,222.58,727.57,159.34,154.04,219.49,54.44,10.92,127.52
2014-05-20,37.62,276.6,208.17,656.75,208.35,232.61,197.48,69.53,10.28,113.54
2014-05-21,34.73,279.11,154.28,706.93,181.11,213.76,182.55,51.52,12.98,118.49
2014-05-22,26.9,238.21,173.7,619.59,208.68,212.14,229.58,28.57,8.12,133.53
2014-05-23,34.18,260.2,208.94,633.19,187.24,246.03,193.16,53.39,9.82,105.49
2014-05-24,32.85,235.53,220.48,704.58,207.37,179.57,200.27,52.19,12.23,112.77
2014-05-25,36.31,233.99,216.61,691.11,210.3,213.01,236.6,82.01,9.73,109.87
2014-05-26,37.28,253.61,187.41,613.73,167.51,178.27,164.85,35.86,11.73,124.54
2014-05-27,35.46,256.01,180.42,708.12,198.65,201.78,152.86,84.43,12.28,126.28
2014-05-28,36.08,235.98,226.99,643.44,185.55,175.71,233.34,60.22,6.67,125.05
2014-05-29,37.99,258.86,218.54,676.81,194.94,210.89,191.75,92.8,9.64,109.98
2014-05-30,35.69,241.43,202.17,652.58,204.43,249.36,221.62,81.25,10.28,146.09
2014-05-31,32.11,253.95,217.88,577.0,222.27,168.54,184.51,65.69,13.33,148.69
2014-06-01,45.54,247.97,206.46,634.45,204.89,113.24,158.14,78.65,10.88,122.1
2014-06-02,39.01,235.81,208.32,612.65,209.29,204.6,246.64,80.53,7.74,114.65
2014-06-03,41.95,294.77,205.6,592.55,188.47,140.98,197.26,24.94,11.03,140.32
2014-06-04,32.61,263.42,180.77,568.57,219.03,252.7,244.25,58.63,11.73,113.18
2014-06-05,39.1,270.76,181.86,702.75,186.25,216.65,205.76,41.17,7.96,138.22
2014-06-06,38.48,244.96,202.97,619.95,158.81,180.71,202.44,50.1,7.97,143.6
2014-06-07,36.17,273.26,181.65,642.3,178.54,191.65,157.04,69.09,10.93,136.99
2014-06-08,45.27,265.07,224.71,652.26,236.15,183.89,175.55,56.18,9.76,119.74
2014-06-09,33.43,278.15,222.37,604.71,190.79,213.86,171.78,64.83,12.58,134.12
2014-06-10,33.88,250.1,208.69,584.08,249.4,153.07,217.1,64.84,6.28,149.78
2014-06-11,31.79,268.66,163.87,723.19,202.85,162.33,173.64,66.65,9.28,115.43
2014-06-12,37.74,257.09,193.72,676.45,189.35,243.32,190.12,60.3,11.72,139.44
2014-06-13,33.62,265.02,194.31,685.65,215.44,194.68,198.97,103.36,10.97,136.98
2014-06-14,44.63,282.95,206.37,672.89,199.95,262.62,236.34,50.92,12.9,126.34
2014-06-15,39.59,242.3,214.64,659.71,203.24,198.41,198.41,63.06,9.65,145.54
2014-06-16,33.48,214.23,175.6,725.93,210.07,220.18,174.59,35.14,9.4,118.07
2014-06-17,33.44,254.16,194.23,606.44,203.12,182.32,147.2,32.13,14.09,153.34
2014-06-18,38.11,263.43,206.44,574.72,208.28,198.43,173.04,81.97,11.58,139.19
2014-06-19,34.6,252.24,184.36,706.45,160.05,171.9,211.98,63.81,10.91,157.74
2014-06-20,35.85,241.95,229.52,734.2,179.29,218.07,194.16,52.28,11.02,131.76
2014-06-21,30.76,236.17,190.23,653.4,185.02,254.54,194.39,45.23,8.51,137.76
2014-06-22,39.35,248.71,176.61,657.7,190.82,216.38,194.83,56.14,5.49,130.12
2014-06-23,31.41,252.62,219.12,722.78,220.12,178.48,198.82,55.54,9.02,121.77
2014-06-24,21.93,228.95,194.46,658.82,198.16,204.64,156.34,77.67,8.57,108.21
2014-06-25,39.46,268.1,220.96,591.12,199.31,210.54,176.1,50.96,9.02,121.54
2014-06-26,34.12,248.96,202.96,678.37,218.51,203.34,179.59,62.7,9.96,133.53
2014-06-27,41.52,259.3,206.12,612.44,179.39,174.64,181.91,24.53,8.95,122.64
2014-06-28,39.07,238.53,195.48,700.18,198.63,195.83,193.18,31.17,11.49,138.05
2014-06-29,33.86,243.03,219.35,606.82,224.29,192.37,203.34,61.58,10.69,120.11
2014-06-30,31.03,249.92,184.55,716.66,173.93,230.64,200.54,40.19,11.17,137.46
2014-07-01,41.45,265.3,243.0,592.5,199.65,197.51,202.31,57.89,3.65,145.62
2014-07-02,38.18,233.37,200.32,742.69,202.33,187.01,187.84,57.05,3.95,146.19
2014-07-03,34.65,263.65,223.03,640.06,167.13,163.0,158.95,86.27,10.3,110.42
2014-07-04,37.64,277.59,223.41,692.31,196.42,174.98,216.12,41.15,7.62,123.57
2014-07-05,43.2,233.09,203.97,660.83,191.41,178.62,189.82,53.38,10.54,134.17
2014-07-06,31.26,294.82,208.45,673.98,211.5,178.8,158.63,92.13,9.66,137.46
2014-07-07,30.76,222.03,173.95,676.05,199.48,191.64,253.98,40.61,11.38,118.89
2014-07-08,38.42,253.45,209.66,700.74,212.63,234.7,210.53,39.83,8.7,131.35
2014-07-09,34.55,291.04,192.18,657.84,208.96,264.89,219.17,61.96,7.08,120.29
2014-07-10,40.98,267.63,214.51,668.27,187.17,236.48,167.69,55.58,9.49,133.79
2014-07-11,36.58,235.52,162.92,629.83,191.38,191.04,210.04,47.84,8.72,139.61
2014-07-12,39.01,256.04,188.82,654.38,204.72,170.46,182.2,48.31,10.12,124.77
2014-07-13,32.72,265.34,209.18,690.38,187.46,174.85,170.73,91.37,10.74,136.19
2014-07-14,35.61,264.4,201.08,686.07,199.5,208.03,143.58,48.88,10.92,103.94
2014-07-15,34.99,247.26,201.28,712.88,206.43,200.32,148.89,71.98,7.76,142.53
2014-07-16,33.94,268.98,190.87,666.75,219.12,212.22,181.33,41.56,9.76,149.85
2014-07-17,38.02,268.74,194.95,612.67,194.59,189.42,184.2,31.18,16.74,142.55
2014-07-18,41.39,272.85,196.16,656.93,170.52,185.48,146.24,43.12,7.46,134.19
2014-07-19,34.91,273.96,254.44,654.31,182.61,225.33,195.25,52.12,8.55,143.2
2014-07-20,35.44,246.94,200.95,689.96,236.61,232.05,148.97,63.15,7.13,116.22
2014-07-21,46.5,283.22,182.93,639.15,183.49,182.34,194.8,15.42,7.54,132.92
2014-07-22,36.97,276.38,217.1,601.33,196.07,181.42,178.25,48.15,8.14,126.21
2014-07-23,41.25,235.39,200.11,602.93,206.45,282.4,180.62,85.35,4.91,144.85
2014-07-24,35.47,243.97,196.56,652.68,158.35,202.61,150.63,31.72,8.34,151.71
2014-07-25,34.23,251.16,204.83,608.71,195.73,200.24,158.02,101.24,10.32,111.68
2014-07-26,40.65,261.75,198.93,618.12,178.52,188.5,192.3,50.14,9.71,133.12
2014-07-27,34.97,249.03,223.64,656.93,209.8,171.55,136.76,42.82,9.52,147.77
2014-07-28,32.38,256.13,196.96,642.38,184.87,202.93,147.45,96.49,11.08,146.87
2014-07-29,37.52,253.14,217.36,544.96,213.6,217.2,164.92,61.55,12.72,141.82
2014-07-30,31.05,248.05,209.51,714.56,198.66,178.61,126.26,33.69,10.29,140.15
2014-07-31,35.22,279.95,215.53,721.68,207.83,208.62,193.79,71.97,11.8,129.9
2014-08-01,35.51,260.02,235.38,642.91,227.02,154.12,139.28,45.83,4.46,121.45
2014-08-02,38.31,256.0,211.6,700.48,185.97,196.36,197.61,68.22,9.95,140.2
2014-08-03,28.93,240.84,194.53,650.13,196.72,203.73,169.92,64.24,8.15,144.96
2014-08-04,37.24,263.71,212.01,669.76,231.72,214.25,181.98,76.43,10.75,121.37
2014-08-05,34.41,254.2,206.83,651.8,187.67,168.22,186.58,49.11,9.19,150.45
2014-08-06,33.04,238.57,216.2,694.16,189.75,193.39,205.89,69.73,9.57,107.45
2014-08-07,36.78,232.66,204.78,695.45,183.93,187.42,171.86,80.98,11.95,125.02
2014-08-08,39.55,241.15,194.71,726.12,194.79,135.53,151.39,63.24,10.7,153.42
2014-08-09,39.84,269.71,231.57,673.44,173.47,236.04,185.64,50.04,9.14,126.68
2014-08-10,27.52,237.62,202.97,640.22,200.21,189.42,191.85,86.87,11.82,124.01
2014-08-11,34.01,254.06,224.21,721.11,212.94,250.81,223.66,54.03,6.76,144.31
2014-08-12,40.44,263.22,188.54,683.85,172.3,193.97,221.21,58.29,11.16,143.13
2014-08-13,37.4,241.74,190.47,672.32,169.95,204.82,146.54,64.26,8.16,142.29
2014-08-14,40.57,286.92,182.47,605.17,191.34,174.76,160.09,41.82,7.58,152.81
2014-08-15,33.24,228.77,171.16,643.94,202.32,225.39,181.02,42.03,7.26,137.09
2014-08-16,35.62,255.36,195.4,573.06,187.09,193.35,194.51,63.74,8.83,115.63
2014-08-17,39.21,250.4,205.41,636.9,184.12,200.55,160.83,78.53,11.89,129.38
2014-08-18,36.2,264.94,172.37,559.5,192.28,229.5,196.41,88.27,11.65,109.07
2014-08-19,37.74,230.73,206.99,620.98,181.51,175.55,171.15,45.36,8.26,119.69
2014-08-20,37.36,266.07,194.74,682.74,204.86,186.78,114.38,62.11,9.91,129.78
2014-08-21,27.13,240.96,196.9,563.51,190.52,201.1,180.85,52.7,9.26,130.63
2014-08-22,35.93,262.2,208.89,637.43,185.03,184.39,152.14,74.57,6.51,115.3
2014-08-23,36.03,263.62,198.09,594.44,222.58,158.04,203.34,75.43,10.8,157.63
2014-08-24,39.15,266.12,176.72,592.87,209.46,214.33,174.88,32.14,11.98,131.91
2014-08-25,35.72,236.22,207.51,549.96,187.41,141.32,159.67,63.6,6.8,134.95
2014-08-26,35.46,254.8,199.05,686.1,206.71,184.72,185.62,50.13,8.62,127.18
2014-08-27,38.14,254.64,213.98,653.32,196.94,220.72,176.99,66.62,4.41,123.82
2014-08-28,32.49,244.69,195.28,695.51,195.7,213.52,207.72,59.64,9.23,112.28
2014-08-29,38.48,289.18,234.83,749.97,183.17,196.15,195.62,56.2,6.53,129.48
2014-08-30,32.93,221.57,187.2,601.79,224.95,231.19,174.15,44.97,9.34,123.3
2014-08-31,38.16,247.76,202.35,624.11,189.5,180.47,243.6,69.42,10.31,146.99
2014-09-01,46.34,244.17,206.01,667.82,214.88,187.33,210.99,51.13,9.9,144.78
2014-09-02,31.53,221.44,206.14,621.44,202.58,249.04,185.46,55.31,5.9,113.55
2014-09-03,35.38,252.5,195.84,601.8,191.17,175.52,198.13,62.99,7.98,153.95
2014-09-04,28.38,256.08,202.15,716.07,219.44,156.72,194.44,56.98,11.59,126.43
2014-09-05,33.1,270.7,225.92,615.07,214.19,208.67,167.23,69.52,10.64,125.46
2014-09-06,39.73,265.3,209.61,712.32,214.12,193.68,134.69,74.8,9.69,120.43
2014-09-07,39.52,264.52,205.79,696.05,208.81,228.15,145.36,55.85,10.37,131.21
2014-09-08,43.17,270.94,177.22,667.8,211.61,190.92,166.96,38.31,6.96,146.89
2014-09-09,37.65,247.28,193.59,638.17,216.37,222.44,212.46,90.23,8.05,123.03
2014-09-10,38.06,251.63,223.4,646.0,196.42,244.86,191.82,80.36,8.3,116.08
2014-09-11,32.16,269.08,200.44,686.11,196.72,219.16,178.74,79.78,9.92,110.85
2014-09-12,35.06,248.35,219.35,653.02,170.75,166.18,191.12,50.91,7.99,125.61
2014-09-13,32.95,268.97,160.4,681.73,219.86,176.82,181.67,72.12,8.82,123.19
2014-09-14,30.14,238.81,211.33,591.87,185.67,207.48,213.77,49.25,9.52,121.33
2014-09-15,36.54,240.43,194.86,591.82,162.09,186.42,219.63,56.28,9.05,130.39
2014-09-16,34.95,251.83,210.95,601.18,216.82,150.05,175.49,52.87,15.03,119.49
2014-09-17,35.68,265.42,202.27,640.56,176.54,205.75,194.56,47.95,7.89,118.95
2014-09-18,32.29,245.87,199.96,634.52,206.05,148.37,155.8,46.65,11.74,135.6
2014-09-19,35.88,256.61,189.1,674.68,182.53,154.33,163.22,82.4,10.52,121.54
2014-09-20,29.01,265.28,206.56,659.77,190.75,183.93,227.85,55.65,9.49,136.64
2014-09-21,40.57,263.6,172.84,693.99,199.43,249.88,203.78,50.36,8.15,152.39
2014-09-22,27.68,290.31,204.68,682.72,220.12,165.86,205.11,54.26,12.99,133.37
2014-09-23,34.14,265.54,220.2,628.09,196.05,221.93,169.26,44.37,9.1,164.47
2014-09-24,37.87,248.5,186.71,634.58,176.59,226.61,186.76,48.97,6.94,114.32
2014-09-25,35.79,249.14,197.13,609.8,208.74,225.38,149.15,37.4,10.84,144.97
2014-09-26,27.96,266.4,206.05,639.07,218.41,201.46,204.04,61.19,9.03,154.29
2014-09-27,33.48,249.79,205.31,630.71,187.1,191.0,200.08,83.68,10.0,128.14
2014-09-28,29.03,255.08,206.95,611.21,190.54,181.19,168.07,49.49,5.53,111.74
2014-09-29,37.04,269.56,205.27,676.71,166.56,208.43,196.09,66.81,10.41,147.4
2014-09-30,25.55,255.38,193.38,680.17,177.29,201.23,186.1,64.99,10.15,133.15
2014-10-01,34.22,252.67,194.51,714.07,218.0,185.22,176.52,60.1,10.51,144.06
2014-10-02,42.46,251.3,211.73,613.74,189.64,227.09,151.92,56.54,10.37,119.46
2014-10-03,32.18,245.74,183.47,674.49,176.74,158.95,175.36,79.89,10.64,134.61
2014-10-04,36.11,263.59,181.4,689.83,185.63,196.1,175.48,79.54,9.28,122.72
2014-10-05,31.22,263.87,204.47,692.57,197.7,214.09,174.1,37.61,7.17,121.46
2014-10-06,32.0,279.51,199.07,622.04,205.08,217.23,201.09,53.5,11.45,139.18
2014-10-07,30.42,262.31,209.61,763.1,204.52,137.92,204.24,69.56,9.09,137.9
2014-10-08,45.11,291.3,193.78,678.68,215.98,140.29,174.01,54.6,11.35,120.31
2014-10-09,41.98,247.24,186.35,649.93,253.92,208.4,191.44,68.62,6.89,112.8
2014-10-10,38.93,294.73,191.63,616.96,226.57,155.36,142.11,56.03,8.12,133.59
2014-10-11,35.07,269.95,199.56,696.64,196.71,182.58,121.96,71.1,7.66,130.19
2014-10-12,26.66,262.34,194.82,675.22,193.8,187.57,211.23,110.26,10.69,140.74
2014-10-13,31.77,258.2,187.67,705.67,184.68,191.99,164.83,54.08,10.75,115.61
2014-10-14,44.58,243.03,205.59,738.62,200.51,254.69,151.52,77.71,6.72,129.65
2014-10-15,32.53,244.01,227.03,680.58,210.23,205.88,161.37,53.35,7.72,157.8
2014-10-16,39.97,230.0,182.92,725.45,192.36,216.48,198.18,57.14,11.03,132.41
2014-10-17,31.91,241.21,201.39,566.55,203.53,197.34,201.75,76.46,7.41,119.73
2014-10-18,40.1,250.14,175.7,613.0,202.84,255.68,175.76,64.9,9.37,148.09
2014-10-19,37.54,251.24,200.88,666.49,211.23,192.71,216.72,55.42,8.71,155.78
2014-10-20,40.96,268.66,194.86,630.74,189.32,154.55,178.35,47.46,6.98,153.93
2014-10-21,34.34,266.81,210.78,691.07,191.19,230.99,181.2,15.9,3.7,107.1
2014-10-22,43.04,276.32,202.37,654.16,178.18,168.67,163.08,69.08,6.98,135.17
2014-10-23,35.41,249.61,226.24,672.29,204.06,176.43,194.7,85.89,12.89,116.56
2014-10-24,43.43,256.34,205.74,667.56,196.25,189.62,210.45,84.29,9.05,125.79
2014-10-25,40.97,259.07,221.02,599.78,230.45,177.58,193.5,38.43,7.81,146.47
2014-10-26,34.31,219.35,213.84,646.26,222.86,166.33,198.24,61.73,11.66,133.49
2014-10-27,33.67,254.83,199.31,610.09,215.81,241.25,178.84,47.95,11.31,130.92
2014-10-28,31.38,253.05,210.91,671.81,210.55,174.66,143.85,80.31,10.67,146.24
2014-10-29,39.95,283.31,195.76,635.95,207.63,220.59,189.96,58.2,5.54,138.04
2014-10-30,36.68,262.37,170.52,603.17,199.05,188.25,193.77,37.8,13.01,131.26
2014-10-31,44.55,240.64,196.25,665.77,208.49,201.27,174.79,85.41,9.1,118.02
2014-11-01,37.2,258.62,198.84,549.34,226.24,215.55,195.79,75.8,11.46,121.82
2014-11-02,40.3,272.53,192.04,600.53,213.05,198.67,197.73,46.86,11.88,146.0
2014-11-03,27.46,248.46,204.18,627.4,195.11,167.08,167.94,40.83,7.95,138.22
2014-11-04,37.8,268.96,173.66,561.52,198.56,215.61,184.98,25.76,7.33,142.69
2014-11-05,33.17,238.87,197.92,711.4,190.73,201.49,190.29,62.78,7.85,119.15
2014-11-06,41.02,255.53,208.96,677.5,179.26,263.74,226.84,68.31,10.83,127.9
2014-11-07,38.8,223.83,190.03,692.68,161.99,237.09,166.6,70.83,7.35,124.93
2014-11-08,34.99,278.7,187.8,706.62,211.56,224.74,196.59,57.6,6.41,147.51
2014-11-09,38.03,250.98,221.55,642.73,189.37,148.12,209.49,50.63,12.76,144.51
2014-11-10,30.12,262.84,185.07,572.14,216.7,204.32,148.44,57.88,12.86,132.93
2014-11-11,33.71,244.2,235.1,566.57,205.26,250.24,211.01,47.59,10.84,128.38
2014-11-12,36.32,247.07,211.6,675.86,191.22,196.38,180.8,55.03,11.39,133.18
2014-11-13,33.27,223.39,210.34,735.0,208.02,184.41,177.47,77.59,4.76,130.63
2014-11-14,44.53,254.54,168.7,640.3,189.0,272.89,182.47,58.32,10.69,130.37
2014-11-15,42.32,248.0,213.38,629.0,200.0,241.64,176.56,52.2,6.91,144.62
2014-11-16,41.66,280.56,230.52,586.03,194.4,220.88,192.75,68.95,8.62,140.06
2014-11-17,36.14,272.25,182.81,667.65,191.89,207.21,198.54,56.14,12.67,107.66
2014-11-18,45.79,240.27,212.51,684.38,235.85,182.13,149.66,15.44,8.15,136.06
2014-11-19,40.36,246.26,175.22,615.02,182.81,227.07,152.48,44.37,8.39,138.65
2014-11-20,38.64,236.51,175.19,685.66,187.75,204.93,185.52,84.37,11.13,128.64
2014-11-21,34.66,273.48,189.67,676.71,181.12,198.79,173.76,31.01,11.7,123.61
2014-11-22,35.12,232.67,217.73,691.55,198.85,228.4,235.56,61.78,11.84,123.39
2014-11-23,34.66,261.71,224.3,606.62,185.57,187.78,185.61,96.62,6.12,119.72
2014-11-24,35.48,268.06,185.63,606.91,214.09,245.61,171.99,72.15,7.0,138.58
2014-11-25,33.3,247.86,208.79,667.18,229.32,184.82,172.26,85.68,11.27,147.8
2014-11-26,42.17,227.65,184.6,721.12,202.42,179.49,178.02,27.79,9.79,147.59
2014-11-27,33.12,269.79,204.4,688.68,201.3,219.79,232.99,41.12,9.97,112.44
2014-11-28,34.73,285.35,203.32,689.74,194.4,199.15,194.73,51.0,7.48,126.45
2014-11-29,35.57,254.93,178.74,654.58,189.76,187.44,212.88,69.29,10.05,139.14
2014-11-30,38.13,262.55,206.02,645.24,179.5,215.39,180.93,45.59,11.97,162.08
2014-12-01,38.99,235.14,187.43,630.72,205.86,150.61,230.35,54.07,8.88,119.91
2014-12-02,36.48,255.58,187.94,629.77,206.21,165.55,218.89,44.11,10.22,124.77
2014-12-03,34.31,277.72,200.4,620.46,232.63,236.43,160.85,68.23,8.72,118.15
2014-12-04,40.48,215.35,165.44,673.34,172.41,205.96,235.67,64.08,9.92,115.94
2014-12-05,30.33,254.32,200.76,649.99,209.34,178.31,196.1,59.28,7.96,138.66
2014-12-06,35.85,245.41,198.34,735.71,213.13,231.39,190.25,50.24,9.61,133.91
2014-12-07,28.36,280.51,207.0,716.14,205.92,175.66,192.94,87.7,7.96,143.03
2014-12-08,39.23,250.87,191.68,602.56,188.92,179.82,154.8,58.5,6.9,118.68
2014-12-09,35.31,260.25,195.95,650.61,212.58,203.26,170.01,28.34,10.59,139.4
2014-12-10,35.88,281.1,197.12,622.38,210.43,232.69,163.7,98.18,10.74,130.87
2014-12-11,35.51,255.28,198.51,655.43,198.96,198.71,170.42,60.08,11.56,129.64
2014-12-12,34.75,279.12,216.2,627.62,161.32,195.61,189.28,26.14,10.13,129.27
2014-12-13,39.18,256.88,210.25,660.53,209.85,239.72,188.17,69.39,6.4,115.41
2014-12-14,43.16,268.1,187.0,644.27,201.7,227.16,172.68,83.17,8.73,112.13
2014-12-15,34.3,278.26,228.59,675.26,171.47,231.55,202.57,78.66,8.19,142.03
2014-12-16,33.18,251.28,181.04,571.97,178.44,215.36,175.9,69.16,9.09,126.87
2014-12-17,37.66,249.24,181.93,727.73,185.01,205.24,193.35,53.85,10.5,127.93
2014-12-18,40.11,277.04,209.8,619.07,193.73,210.21,175.2,56.15,10.32,120.84
2014-12-19,30.91,235.7,210.91,629.25,202.19,174.85,166.44,55.85,7.41,153.11
2014-12-20,34.11,228.86,216.93,689.38,210.98,176.22,179.44,63.55,7.04,143.24
2014-12-21,45.33,259.33,194.44,697.78,210.15,184.38,159.77,31.37,6.0,108.44
2014-12-22,36.36,284.29,232.11,647.09,176.2,167.24,185.47,50.5,12.73,119.33
2014-12-23,36.9,279.83,188.44,647.88,219.01,191.06,228.6,73.48,12.33,151.39
2014-12-24,27.48,260.05,242.22,682.83,196.03,107.77,211.94,69.49,11.93,157.68
2014-12-25,36.62,267.67,205.03,583.61,191.98,194.03,215.77,71.34,12.15,132.36
2014-12-26,38.2,229.46,197.93,619.0,175.19,193.89,136.93,39.68,8.06,126.37
2014-12-27,39.49,219.82,225.89,634.43,203.84,240.78,223.32,50.2,9.19,117.05
2014-12-28,34.82,240.65,207.83,644.54,183.91,184.16,194.7,97.15,5.94,127.83
2014-12-29,27.28,274.53,213.93,684.59,166.64,211.13,175.72,76.01,8.11,134.66
2014-12-30,40.32,240.55,211.1,708.14,221.29,111.21,190.18,16.58,9.69,121.34
2014-12-31,32.21,215.01,192.74,633.01,205.14,206.69,152.93,45.07,8.08,121.28
2015-01-01,36.56,251.9,185.51,674.05,203.59,203.11,221.29,49.77,11.72,145.24
